{"MSE": 2.449368738827918, "_timestamp": 1685874236.293159, "_runtime": 12.229626893997192, "_step": 0, "_wandb": {"runtime": 11}}