{"MSE": 2.453983836538874, "_timestamp": 1685873533.5044055, "_runtime": 27.6845064163208, "_step": 0, "_wandb": {"runtime": 27}}