{"MSE": 2.457490096428822, "_timestamp": 1685874167.3012955, "_runtime": 5.98544454574585, "_step": 0, "_wandb": {"runtime": 5}}