{"MSE": 2.4864545817196744, "_timestamp": 1685874185.6956105, "_runtime": 2.9635255336761475, "_step": 0, "_wandb": {"runtime": 2}}