{"MSE": 2.451581664595598, "_timestamp": 1685874209.5606604, "_runtime": 10.949323415756226, "_step": 0, "_wandb": {"runtime": 10}}