{"MSE": 2.4524835052177516, "_timestamp": 1685874262.9063172, "_runtime": 12.667549133300781, "_step": 0, "_wandb": {"runtime": 12}}